my-first-one,identifier,metric,timestamp,value
experiment_name,ae0f2b2c-135c-4d0a-ad93-e3a9be8a6c7d,function_instantiate_time,1775037627.963683,0.2249185
experiment_name,1ff91d90-d9e7-4cea-a312-7789249e91b0,function_instantiate_time,1775037627.963721,0.2290925
experiment_name,ed51eb5d-b605-4fe6-83a0-fffa21115ff1,function_instantiate_time,1775037627.945739,0.148253333
experiment_name,5761e542-57a7-4536-9a92-f8e76ccf7de9,function_instantiate_time,1775037627.963529,0.2089115
experiment_name,8119b737-ad79-498f-bb9b-ff4af2a98975,function_instantiate_time,1775037627.963136,0.21543725
experiment_name,efc98d89-ecf7-4329-8f10-f9d22068aff9,function_instantiate_time,1775037627.961053,0.178458833
experiment_name,c1a878c9-ebeb-4b7e-bc26-9513094d54e6,function_instantiate_time,1775037627.960731,0.172785
experiment_name,d705ed90-78c9-4ec5-9056-f5780d80d6d7,function_instantiate_time,1775037627.960537,0.238961791
experiment_name,0a97065b-4982-47a3-98c1-5c82fde22cf0,function_instantiate_time,1775037627.957399,0.162019542
experiment_name,2868d157-27b4-4fbe-8d73-52b6980eea0e,function_instantiate_time,1775037627.963469,0.233700083
experiment_name,9a14c955-a616-474e-916e-286761e3f20e,function_instantiate_time,1775037627.957465,0.156960458
experiment_name,a8f63aec-7abc-4311-ad36-37f9caf1ff89,function_instantiate_time,1775037627.961677,0.187867125
experiment_name,cf1df2d3-b906-480b-81c0-801146d5941e,function_instantiate_time,1775037627.962824,0.2030325
experiment_name,9991b040-bffe-4f26-af1f-0c40d2e46300,function_instantiate_time,1775037627.961034,0.170633083
experiment_name,7430c187-42e3-4919-9375-d0342f18dca6,function_instantiate_time,1775037627.96309,0.211879166
experiment_name,79754c47-49ea-4f4f-b682-780aa020cfbd,function_instantiate_time,1775037627.96347,0.223989708
experiment_name,9a1bddec-c982-44b4-a491-e0630bb2e370,function_instantiate_time,1775037627.96297,0.22429325
experiment_name,9841a334-8f51-41d2-a7e1-75eebf6731ad,function_instantiate_time,1775037627.94507,0.135799333
experiment_name,b1f70dbd-de86-4268-bb9e-62e5b0eeeded,function_instantiate_time,1775037627.963188,0.2246165
experiment_name,8daf0887-acb6-4a89-adcf-bc498ef6a889,function_instantiate_time,1775037627.961753,0.1888465
experiment_name,74ac4093-b29a-49c2-80dc-d4f3310176a4,function_instantiate_time,1775037627.963966,0.209281209
experiment_name,2f495712-5d3d-4c21-a956-5bc6eeeadc09,function_instantiate_time,1775037627.961643,0.18195575
experiment_name,92634453-84d8-4d80-8dd7-fe4cb4769173,function_instantiate_time,1775037627.963261,0.220317125
experiment_name,c8ebfc31-0e59-4d5e-b8db-9be12396baef,function_instantiate_time,1775037627.962829,0.194611042
experiment_name,90049c81-9eed-431a-939a-7584ba0faddf,function_instantiate_time,1775037627.961152,0.174589917
experiment_name,6d72cafa-4229-4851-8d88-2607750eb5a5,function_instantiate_time,1775037627.945728,0.140906458
experiment_name,d74cc8e4-c9af-499c-9d12-0af23d0b10c0,function_instantiate_time,1775037627.962828,0.199981083
experiment_name,73289441-b132-4e91-8109-617e7e1c4b0b,function_instantiate_time,1775037627.963686,0.191434625
experiment_name,c00f3de2-f0e4-4857-9fc5-436a37c61162,function_instantiate_time,1775037627.963691,0.2251385
experiment_name,4ebb9e51-83c1-471e-a15c-b56409490405,function_instantiate_time,1775037627.964408,0.191958833
experiment_name,28048ff0-8d33-445d-acf1-60cb1cb6d631,function_instantiate_time,1775037627.956903,0.161974166
experiment_name,7e5541dd-baba-4e78-a2a6-0e094add3ab6,function_instantiate_time,1775037627.96283,0.192322208
experiment_name,b8232fd4-ce1d-4997-a84a-d2e0f4359f89,function_instantiate_time,1775037627.946052,0.143962042
experiment_name,74a1d021-568e-43f6-bb50-59b62c478d86,function_instantiate_time,1775037627.945943,0.154324042
experiment_name,ff341bf7-3938-4d87-bb02-08364b480d07,function_instantiate_time,1775037627.959173,0.235716958
experiment_name,5d607e0c-d6a7-43d8-bd82-d6347a7c7656,function_instantiate_time,1775037627.963389,0.2314755
experiment_name,16fe2b8f-6e95-4b45-818d-7b0c22db31f7,function_instantiate_time,1775037627.964248,0.207328458
experiment_name,af33c71e-f00c-407b-9e0d-cdcdb9e9eb23,function_instantiate_time,1775037627.964105,0.233145333
experiment_name,416e189c-a636-4c22-b5db-bccff12949c7,function_instantiate_time,1775037627.964267,0.230562958
experiment_name,d210a2a8-6a0c-4aa9-9e2e-f2d9386f871a,function_instantiate_time,1775037627.961717,0.185628333
experiment_name,416a9fe0-38e1-484d-adc8-bd91a6aabea1,function_instantiate_time,1775037627.964018,0.23011125
experiment_name,5dd527c4-8ff6-4c76-baf0-d6c727b24563,function_instantiate_time,1775037627.963684,0.218982583
experiment_name,84fcc47a-2a56-48f5-9b49-630fc1a6e291,function_instantiate_time,1775037627.964477,0.229063458
experiment_name,a8f63aec-7abc-4311-ad36-37f9caf1ff89,function_init_time,1775037627.96172,0.000043625
experiment_name,1ff91d90-d9e7-4cea-a312-7789249e91b0,function_init_time,1775037627.964431,0.000721917
experiment_name,5d607e0c-d6a7-43d8-bd82-d6347a7c7656,function_init_time,1775037627.964796,0.0014115
experiment_name,4ebb9e51-83c1-471e-a15c-b56409490405,function_init_time,1775037627.965244,0.000959708
experiment_name,b1f70dbd-de86-4268-bb9e-62e5b0eeeded,function_init_time,1775037627.964007,0.000746625
experiment_name,73289441-b132-4e91-8109-617e7e1c4b0b,function_init_time,1775037627.964676,0.000993917
experiment_name,7e5541dd-baba-4e78-a2a6-0e094add3ab6,function_init_time,1775037627.963013,0.000207833
experiment_name,ff341bf7-3938-4d87-bb02-08364b480d07,function_init_time,1775037627.959203,0.000027875
experiment_name,efc98d89-ecf7-4329-8f10-f9d22068aff9,function_init_time,1775037627.961102,0.000046209
experiment_name,5761e542-57a7-4536-9a92-f8e76ccf7de9,function_init_time,1775037627.964019,0.000440875
experiment_name,416e189c-a636-4c22-b5db-bccff12949c7,function_init_time,1775037627.965048,0.000771625
experiment_name,2f495712-5d3d-4c21-a956-5bc6eeeadc09,function_init_time,1775037627.961681,0.000038834
experiment_name,ae0f2b2c-135c-4d0a-ad93-e3a9be8a6c7d,function_init_time,1775037627.96426,0.000668125
experiment_name,79754c47-49ea-4f4f-b682-780aa020cfbd,function_init_time,1775037627.964926,0.001443167
experiment_name,7430c187-42e3-4919-9375-d0342f18dca6,function_init_time,1775037627.964022,0.000883916
experiment_name,16fe2b8f-6e95-4b45-818d-7b0c22db31f7,function_init_time,1775037627.964793,0.000573959
experiment_name,92634453-84d8-4d80-8dd7-fe4cb4769173,function_init_time,1775037627.9641,0.000766375
experiment_name,74a1d021-568e-43f6-bb50-59b62c478d86,function_init_time,1775037627.945945,0.000040667
experiment_name,b8232fd4-ce1d-4997-a84a-d2e0f4359f89,function_init_time,1775037627.946056,0.000047334
experiment_name,8daf0887-acb6-4a89-adcf-bc498ef6a889,function_init_time,1775037627.961873,0.000118125
experiment_name,9a14c955-a616-474e-916e-286761e3f20e,function_init_time,1775037627.957514,0.0000485
experiment_name,74ac4093-b29a-49c2-80dc-d4f3310176a4,function_init_time,1775037627.964636,0.000625625
experiment_name,d74cc8e4-c9af-499c-9d12-0af23d0b10c0,function_init_time,1775037627.962839,0.0000505
experiment_name,af33c71e-f00c-407b-9e0d-cdcdb9e9eb23,function_init_time,1775037627.964852,0.000740458
experiment_name,d210a2a8-6a0c-4aa9-9e2e-f2d9386f871a,function_init_time,1775037627.961772,0.000058708
experiment_name,28048ff0-8d33-445d-acf1-60cb1cb6d631,function_init_time,1775037627.956949,0.00005275
experiment_name,d705ed90-78c9-4ec5-9056-f5780d80d6d7,function_init_time,1775037627.960568,0.000031375
experiment_name,9991b040-bffe-4f26-af1f-0c40d2e46300,function_init_time,1775037627.961069,0.000036125
experiment_name,0a97065b-4982-47a3-98c1-5c82fde22cf0,function_init_time,1775037627.957443,0.000044125
experiment_name,c8ebfc31-0e59-4d5e-b8db-9be12396baef,function_init_time,1775037627.963092,0.000302708
experiment_name,9a1bddec-c982-44b4-a491-e0630bb2e370,function_init_time,1775037627.96366,0.000603875
experiment_name,c00f3de2-f0e4-4857-9fc5-436a37c61162,function_init_time,1775037627.96418,0.000501291
experiment_name,ed51eb5d-b605-4fe6-83a0-fffa21115ff1,function_init_time,1775037627.945833,0.000038542
experiment_name,84fcc47a-2a56-48f5-9b49-630fc1a6e291,function_init_time,1775037627.964915,0.000377333
experiment_name,416a9fe0-38e1-484d-adc8-bd91a6aabea1,function_init_time,1775037627.965556,0.001530542
experiment_name,5dd527c4-8ff6-4c76-baf0-d6c727b24563,function_init_time,1775037627.964409,0.00070025
experiment_name,6d72cafa-4229-4851-8d88-2607750eb5a5,function_init_time,1775037627.945729,0.000043708
experiment_name,90049c81-9eed-431a-939a-7584ba0faddf,function_init_time,1775037627.961196,0.000047167
experiment_name,8119b737-ad79-498f-bb9b-ff4af2a98975,function_init_time,1775037627.964332,0.001190834
experiment_name,c1a878c9-ebeb-4b7e-bc26-9513094d54e6,function_init_time,1775037627.960758,0.000028583
experiment_name,2868d157-27b4-4fbe-8d73-52b6980eea0e,function_init_time,1775037627.964919,0.001469334
experiment_name,cf1df2d3-b906-480b-81c0-801146d5941e,function_init_time,1775037627.962831,0.000054292
experiment_name,9841a334-8f51-41d2-a7e1-75eebf6731ad,function_init_time,1775037627.945169,0.000098291
experiment_name,73289441-b132-4e91-8109-617e7e1c4b0b,function_execution_time,1775037627.966099,0.00139425
experiment_name,73289441-b132-4e91-8109-617e7e1c4b0b,function_execution_time,1775037627.967268,0.000067125
experiment_name,b8232fd4-ce1d-4997-a84a-d2e0f4359f89,function_execution_time,1775037627.946319,0.000206292
experiment_name,b8232fd4-ce1d-4997-a84a-d2e0f4359f89,function_execution_time,1775037627.946773,0.000116292
experiment_name,8daf0887-acb6-4a89-adcf-bc498ef6a889,function_execution_time,1775037627.962026,0.000146208
experiment_name,8daf0887-acb6-4a89-adcf-bc498ef6a889,function_execution_time,1775037627.962243,0.00004125
experiment_name,1ff91d90-d9e7-4cea-a312-7789249e91b0,function_execution_time,1775037627.966104,0.00151725
experiment_name,1ff91d90-d9e7-4cea-a312-7789249e91b0,function_execution_time,1775037627.967063,0.000061959
experiment_name,92634453-84d8-4d80-8dd7-fe4cb4769173,function_execution_time,1775037627.96566,0.001617625
experiment_name,92634453-84d8-4d80-8dd7-fe4cb4769173,function_execution_time,1775037627.966735,0.000066667
experiment_name,2868d157-27b4-4fbe-8d73-52b6980eea0e,function_execution_time,1775037627.966067,0.001172958
experiment_name,2868d157-27b4-4fbe-8d73-52b6980eea0e,function_execution_time,1775037627.967465,0.00006225
experiment_name,d705ed90-78c9-4ec5-9056-f5780d80d6d7,function_execution_time,1775037627.960656,0.000076833
experiment_name,d705ed90-78c9-4ec5-9056-f5780d80d6d7,function_execution_time,1775037628.963366,0.000310458
experiment_name,af33c71e-f00c-407b-9e0d-cdcdb9e9eb23,function_execution_time,1775037627.966117,0.001263958
experiment_name,af33c71e-f00c-407b-9e0d-cdcdb9e9eb23,function_execution_time,1775037627.967331,0.000062333
experiment_name,8119b737-ad79-498f-bb9b-ff4af2a98975,function_execution_time,1775037627.966109,0.001827083
experiment_name,8119b737-ad79-498f-bb9b-ff4af2a98975,function_execution_time,1775037627.966823,0.000077625
experiment_name,efc98d89-ecf7-4329-8f10-f9d22068aff9,function_execution_time,1775037627.961195,0.000090916
experiment_name,efc98d89-ecf7-4329-8f10-f9d22068aff9,function_execution_time,1775037627.961379,0.000058
experiment_name,5d607e0c-d6a7-43d8-bd82-d6347a7c7656,function_execution_time,1775037627.966065,0.001256583
experiment_name,5d607e0c-d6a7-43d8-bd82-d6347a7c7656,function_execution_time,1775037627.966932,0.000060833
experiment_name,d210a2a8-6a0c-4aa9-9e2e-f2d9386f871a,function_execution_time,1775037627.961995,0.000205
experiment_name,d210a2a8-6a0c-4aa9-9e2e-f2d9386f871a,function_execution_time,1775037627.962128,0.000068208
experiment_name,9a1bddec-c982-44b4-a491-e0630bb2e370,function_execution_time,1775037627.965584,0.001917791
experiment_name,9a1bddec-c982-44b4-a491-e0630bb2e370,function_execution_time,1775037627.966679,0.000081833
experiment_name,7e5541dd-baba-4e78-a2a6-0e094add3ab6,function_execution_time,1775037627.965757,0.002702875
experiment_name,7e5541dd-baba-4e78-a2a6-0e094add3ab6,function_execution_time,1775037627.966466,0.0000635
experiment_name,9a14c955-a616-474e-916e-286761e3f20e,function_execution_time,1775037627.957607,0.000079917
experiment_name,9a14c955-a616-474e-916e-286761e3f20e,function_execution_time,1775037627.95768,0.000044625
experiment_name,416a9fe0-38e1-484d-adc8-bd91a6aabea1,function_execution_time,1775037627.966106,0.000617875
experiment_name,416a9fe0-38e1-484d-adc8-bd91a6aabea1,function_execution_time,1775037627.967735,0.000071291
experiment_name,a8f63aec-7abc-4311-ad36-37f9caf1ff89,function_execution_time,1775037627.962021,0.000250958
experiment_name,a8f63aec-7abc-4311-ad36-37f9caf1ff89,function_execution_time,1775037627.96219,0.000063375
experiment_name,6d72cafa-4229-4851-8d88-2607750eb5a5,function_execution_time,1775037627.945943,0.000090458
experiment_name,6d72cafa-4229-4851-8d88-2607750eb5a5,function_execution_time,1775037627.946329,0.000216542
experiment_name,5dd527c4-8ff6-4c76-baf0-d6c727b24563,function_execution_time,1775037627.965449,0.001102
experiment_name,5dd527c4-8ff6-4c76-baf0-d6c727b24563,function_execution_time,1775037627.966536,0.000064584
experiment_name,84fcc47a-2a56-48f5-9b49-630fc1a6e291,function_execution_time,1775037627.96607,0.001196458
experiment_name,84fcc47a-2a56-48f5-9b49-630fc1a6e291,function_execution_time,1775037627.967199,0.000067584
experiment_name,9841a334-8f51-41d2-a7e1-75eebf6731ad,function_execution_time,1775037627.946099,0.000098625
experiment_name,9841a334-8f51-41d2-a7e1-75eebf6731ad,function_execution_time,1775037627.946295,0.000185542
experiment_name,9841a334-8f51-41d2-a7e1-75eebf6731ad,function_execution_time,1775037627.946554,0.000231333
experiment_name,9841a334-8f51-41d2-a7e1-75eebf6731ad,function_execution_time,1775037627.946675,0.000155167
experiment_name,9841a334-8f51-41d2-a7e1-75eebf6731ad,function_execution_time,1775037627.957073,0.000075292
experiment_name,9841a334-8f51-41d2-a7e1-75eebf6731ad,function_execution_time,1775037627.957579,0.000079083
experiment_name,9841a334-8f51-41d2-a7e1-75eebf6731ad,function_execution_time,1775037627.957646,0.000063875
experiment_name,9841a334-8f51-41d2-a7e1-75eebf6731ad,function_execution_time,1775037627.960851,0.000055291
experiment_name,9841a334-8f51-41d2-a7e1-75eebf6731ad,function_execution_time,1775037627.961258,0.000119542
experiment_name,9841a334-8f51-41d2-a7e1-75eebf6731ad,function_execution_time,1775037627.961332,0.000072167
experiment_name,9841a334-8f51-41d2-a7e1-75eebf6731ad,function_execution_time,1775037627.961392,0.000054917
experiment_name,9841a334-8f51-41d2-a7e1-75eebf6731ad,function_execution_time,1775037627.961915,0.000132416
experiment_name,9841a334-8f51-41d2-a7e1-75eebf6731ad,function_execution_time,1775037627.962069,0.00013275
experiment_name,9841a334-8f51-41d2-a7e1-75eebf6731ad,function_execution_time,1775037627.962159,0.000079333
experiment_name,9841a334-8f51-41d2-a7e1-75eebf6731ad,function_execution_time,1775037627.962213,0.000060167
experiment_name,9841a334-8f51-41d2-a7e1-75eebf6731ad,function_execution_time,1775037627.965893,0.001861541
experiment_name,9841a334-8f51-41d2-a7e1-75eebf6731ad,function_execution_time,1775037627.966153,0.000266875
experiment_name,9841a334-8f51-41d2-a7e1-75eebf6731ad,function_execution_time,1775037627.966219,0.00006375
experiment_name,9841a334-8f51-41d2-a7e1-75eebf6731ad,function_execution_time,1775037627.966285,0.000064708
experiment_name,9841a334-8f51-41d2-a7e1-75eebf6731ad,function_execution_time,1775037627.966354,0.0000675
experiment_name,9841a334-8f51-41d2-a7e1-75eebf6731ad,function_execution_time,1775037627.96642,0.000064833
experiment_name,9841a334-8f51-41d2-a7e1-75eebf6731ad,function_execution_time,1775037627.96649,0.000067375
experiment_name,9841a334-8f51-41d2-a7e1-75eebf6731ad,function_execution_time,1775037627.966553,0.000060417
experiment_name,9841a334-8f51-41d2-a7e1-75eebf6731ad,function_execution_time,1775037627.966618,0.00006375
experiment_name,9841a334-8f51-41d2-a7e1-75eebf6731ad,function_execution_time,1775037627.966697,0.000077541
experiment_name,9841a334-8f51-41d2-a7e1-75eebf6731ad,function_execution_time,1775037627.966756,0.00005725
experiment_name,9841a334-8f51-41d2-a7e1-75eebf6731ad,function_execution_time,1775037627.966822,0.000064
experiment_name,9841a334-8f51-41d2-a7e1-75eebf6731ad,function_execution_time,1775037627.966891,0.000067458
experiment_name,9841a334-8f51-41d2-a7e1-75eebf6731ad,function_execution_time,1775037627.966953,0.000063958
experiment_name,9841a334-8f51-41d2-a7e1-75eebf6731ad,function_execution_time,1775037627.967021,0.000063333
experiment_name,9841a334-8f51-41d2-a7e1-75eebf6731ad,function_execution_time,1775037627.967087,0.000062958
experiment_name,9841a334-8f51-41d2-a7e1-75eebf6731ad,function_execution_time,1775037627.967152,0.000063334
experiment_name,9841a334-8f51-41d2-a7e1-75eebf6731ad,function_execution_time,1775037627.967222,0.000068917
experiment_name,9841a334-8f51-41d2-a7e1-75eebf6731ad,function_execution_time,1775037627.967292,0.000068166
experiment_name,9841a334-8f51-41d2-a7e1-75eebf6731ad,function_execution_time,1775037627.967354,0.000059833
experiment_name,9841a334-8f51-41d2-a7e1-75eebf6731ad,function_execution_time,1775037627.96742,0.000064916
experiment_name,9841a334-8f51-41d2-a7e1-75eebf6731ad,function_execution_time,1775037627.967488,0.000066375
experiment_name,9841a334-8f51-41d2-a7e1-75eebf6731ad,function_execution_time,1775037627.967546,0.000055625
experiment_name,9841a334-8f51-41d2-a7e1-75eebf6731ad,function_execution_time,1775037627.967612,0.000068542
experiment_name,9841a334-8f51-41d2-a7e1-75eebf6731ad,function_execution_time,1775037627.967696,0.00007925
experiment_name,c1a878c9-ebeb-4b7e-bc26-9513094d54e6,function_execution_time,1775037627.960804,0.000039416
experiment_name,c1a878c9-ebeb-4b7e-bc26-9513094d54e6,function_execution_time,1775037627.960883,0.000043375
experiment_name,416e189c-a636-4c22-b5db-bccff12949c7,function_execution_time,1775037627.966102,0.001057084
experiment_name,416e189c-a636-4c22-b5db-bccff12949c7,function_execution_time,1775037627.967525,0.000058458
experiment_name,b1f70dbd-de86-4268-bb9e-62e5b0eeeded,function_execution_time,1775037627.966069,0.002012917
experiment_name,b1f70dbd-de86-4268-bb9e-62e5b0eeeded,function_execution_time,1775037627.967132,0.000062625
experiment_name,79754c47-49ea-4f4f-b682-780aa020cfbd,function_execution_time,1775037627.966063,0.00098925
experiment_name,79754c47-49ea-4f4f-b682-780aa020cfbd,function_execution_time,1775037627.9674,0.000057459
experiment_name,74ac4093-b29a-49c2-80dc-d4f3310176a4,function_execution_time,1775037627.966071,0.001368625
experiment_name,74ac4093-b29a-49c2-80dc-d4f3310176a4,function_execution_time,1775037627.967611,0.000076208
experiment_name,ae0f2b2c-135c-4d0a-ad93-e3a9be8a6c7d,function_execution_time,1775037627.965898,0.001392667
experiment_name,ae0f2b2c-135c-4d0a-ad93-e3a9be8a6c7d,function_execution_time,1775037627.966869,0.00006775
experiment_name,7430c187-42e3-4919-9375-d0342f18dca6,function_execution_time,1775037627.965426,0.001239084
experiment_name,7430c187-42e3-4919-9375-d0342f18dca6,function_execution_time,1775037627.966405,0.000069291
experiment_name,ff341bf7-3938-4d87-bb02-08364b480d07,function_execution_time,1775037627.960684,0.000071
experiment_name,ff341bf7-3938-4d87-bb02-08364b480d07,function_execution_time,1775037628.963512,0.00020425
experiment_name,4ebb9e51-83c1-471e-a15c-b56409490405,function_execution_time,1775037627.966193,0.000947583
experiment_name,4ebb9e51-83c1-471e-a15c-b56409490405,function_execution_time,1775037627.967695,0.000077125
experiment_name,cf1df2d3-b906-480b-81c0-801146d5941e,function_execution_time,1775037627.964692,0.00182625
experiment_name,cf1df2d3-b906-480b-81c0-801146d5941e,function_execution_time,1775037627.966125,0.000343333
experiment_name,90049c81-9eed-431a-939a-7584ba0faddf,function_execution_time,1775037627.961281,0.000077584
experiment_name,90049c81-9eed-431a-939a-7584ba0faddf,function_execution_time,1775037627.96143,0.000035417
experiment_name,28048ff0-8d33-445d-acf1-60cb1cb6d631,function_execution_time,1775037627.956998,0.00004225
experiment_name,28048ff0-8d33-445d-acf1-60cb1cb6d631,function_execution_time,1775037627.9571,0.000049958
experiment_name,ed51eb5d-b605-4fe6-83a0-fffa21115ff1,function_execution_time,1775037627.946053,0.000071042
experiment_name,ed51eb5d-b605-4fe6-83a0-fffa21115ff1,function_execution_time,1775037627.946556,0.000177167
experiment_name,16fe2b8f-6e95-4b45-818d-7b0c22db31f7,function_execution_time,1775037627.965761,0.001005792
experiment_name,16fe2b8f-6e95-4b45-818d-7b0c22db31f7,function_execution_time,1775037627.967005,0.000070333
experiment_name,c8ebfc31-0e59-4d5e-b8db-9be12396baef,function_execution_time,1775037627.964935,0.001803542
experiment_name,c8ebfc31-0e59-4d5e-b8db-9be12396baef,function_execution_time,1775037627.966199,0.000070333
experiment_name,9991b040-bffe-4f26-af1f-0c40d2e46300,function_execution_time,1775037627.961186,0.000105584
experiment_name,9991b040-bffe-4f26-af1f-0c40d2e46300,function_execution_time,1775037627.961303,0.00008675
experiment_name,c00f3de2-f0e4-4857-9fc5-436a37c61162,function_execution_time,1775037627.965255,0.000929333
experiment_name,c00f3de2-f0e4-4857-9fc5-436a37c61162,function_execution_time,1775037627.966331,0.000062625
experiment_name,74a1d021-568e-43f6-bb50-59b62c478d86,function_execution_time,1775037627.946102,0.000073375
experiment_name,74a1d021-568e-43f6-bb50-59b62c478d86,function_execution_time,1775037627.946746,0.000152875
experiment_name,2f495712-5d3d-4c21-a956-5bc6eeeadc09,function_execution_time,1775037627.961823,0.000129542
experiment_name,2f495712-5d3d-4c21-a956-5bc6eeeadc09,function_execution_time,1775037627.962001,0.000114375
experiment_name,0a97065b-4982-47a3-98c1-5c82fde22cf0,function_execution_time,1775037627.95751,0.000064125
experiment_name,0a97065b-4982-47a3-98c1-5c82fde22cf0,function_execution_time,1775037627.957624,0.000079584
experiment_name,5761e542-57a7-4536-9a92-f8e76ccf7de9,function_execution_time,1775037627.965643,0.001595208
experiment_name,5761e542-57a7-4536-9a92-f8e76ccf7de9,function_execution_time,1775037627.966625,0.000074
experiment_name,d74cc8e4-c9af-499c-9d12-0af23d0b10c0,function_execution_time,1775037627.964841,0.001981166
experiment_name,d74cc8e4-c9af-499c-9d12-0af23d0b10c0,function_execution_time,1775037627.966262,0.000062625
experiment_name,9a14c955-a616-474e-916e-286761e3f20e,function_transfer_time,1775037627.957517,0.000006
experiment_name,9a14c955-a616-474e-916e-286761e3f20e,function_transfer_time,1775037627.957632,0.000008
experiment_name,5d607e0c-d6a7-43d8-bd82-d6347a7c7656,function_transfer_time,1775037627.964799,0.000066
experiment_name,5d607e0c-d6a7-43d8-bd82-d6347a7c7656,function_transfer_time,1775037627.96687,0.000012
experiment_name,7430c187-42e3-4919-9375-d0342f18dca6,function_transfer_time,1775037627.964104,0.000191
experiment_name,7430c187-42e3-4919-9375-d0342f18dca6,function_transfer_time,1775037627.966332,0.000012
experiment_name,79754c47-49ea-4f4f-b682-780aa020cfbd,function_transfer_time,1775037627.965046,0.000114
experiment_name,79754c47-49ea-4f4f-b682-780aa020cfbd,function_transfer_time,1775037627.96734,0.000013
experiment_name,c1a878c9-ebeb-4b7e-bc26-9513094d54e6,function_transfer_time,1775037627.96076,0.000008
experiment_name,c1a878c9-ebeb-4b7e-bc26-9513094d54e6,function_transfer_time,1775037627.960836,0.000008
experiment_name,6d72cafa-4229-4851-8d88-2607750eb5a5,function_transfer_time,1775037627.94594,0.000385
experiment_name,6d72cafa-4229-4851-8d88-2607750eb5a5,function_transfer_time,1775037627.946288,0.000057
experiment_name,ff341bf7-3938-4d87-bb02-08364b480d07,function_transfer_time,1775037627.960611,0.000007
experiment_name,ff341bf7-3938-4d87-bb02-08364b480d07,function_transfer_time,1775037628.9633,0.000064
experiment_name,c8ebfc31-0e59-4d5e-b8db-9be12396baef,function_transfer_time,1775037627.963125,0.000246
experiment_name,c8ebfc31-0e59-4d5e-b8db-9be12396baef,function_transfer_time,1775037627.966126,0.000011
experiment_name,16fe2b8f-6e95-4b45-818d-7b0c22db31f7,function_transfer_time,1775037627.964798,0.000066
experiment_name,16fe2b8f-6e95-4b45-818d-7b0c22db31f7,function_transfer_time,1775037627.966934,0.000013
experiment_name,74ac4093-b29a-49c2-80dc-d4f3310176a4,function_transfer_time,1775037627.964741,0.000189
experiment_name,74ac4093-b29a-49c2-80dc-d4f3310176a4,function_transfer_time,1775037627.967534,0.000012
experiment_name,8119b737-ad79-498f-bb9b-ff4af2a98975,function_transfer_time,1775037627.964407,0.000038
experiment_name,8119b737-ad79-498f-bb9b-ff4af2a98975,function_transfer_time,1775037627.966744,0.000013
experiment_name,efc98d89-ecf7-4329-8f10-f9d22068aff9,function_transfer_time,1775037627.961104,0.000006
experiment_name,efc98d89-ecf7-4329-8f10-f9d22068aff9,function_transfer_time,1775037627.961318,0.000008
experiment_name,d210a2a8-6a0c-4aa9-9e2e-f2d9386f871a,function_transfer_time,1775037627.961778,0.000006
experiment_name,d210a2a8-6a0c-4aa9-9e2e-f2d9386f871a,function_transfer_time,1775037627.962057,0.000012
experiment_name,8daf0887-acb6-4a89-adcf-bc498ef6a889,function_transfer_time,1775037627.961878,0.000018
experiment_name,8daf0887-acb6-4a89-adcf-bc498ef6a889,function_transfer_time,1775037627.9622,0.000008
experiment_name,5dd527c4-8ff6-4c76-baf0-d6c727b24563,function_transfer_time,1775037627.964424,0.000017
experiment_name,5dd527c4-8ff6-4c76-baf0-d6c727b24563,function_transfer_time,1775037627.966468,0.000013
experiment_name,84fcc47a-2a56-48f5-9b49-630fc1a6e291,function_transfer_time,1775037627.964923,0.000067
experiment_name,84fcc47a-2a56-48f5-9b49-630fc1a6e291,function_transfer_time,1775037627.967133,0.000013
experiment_name,416e189c-a636-4c22-b5db-bccff12949c7,function_transfer_time,1775037627.965054,0.000234
experiment_name,416e189c-a636-4c22-b5db-bccff12949c7,function_transfer_time,1775037627.967466,0.000011
experiment_name,ae0f2b2c-135c-4d0a-ad93-e3a9be8a6c7d,function_transfer_time,1775037627.964582,0.000249
experiment_name,ae0f2b2c-135c-4d0a-ad93-e3a9be8a6c7d,function_transfer_time,1775037627.966801,0.000012
experiment_name,b1f70dbd-de86-4268-bb9e-62e5b0eeeded,function_transfer_time,1775037627.964103,0.000145
experiment_name,b1f70dbd-de86-4268-bb9e-62e5b0eeeded,function_transfer_time,1775037627.967065,0.000013
experiment_name,9a1bddec-c982-44b4-a491-e0630bb2e370,function_transfer_time,1775037627.963687,0.000218
experiment_name,9a1bddec-c982-44b4-a491-e0630bb2e370,function_transfer_time,1775037627.966596,0.000012
experiment_name,a8f63aec-7abc-4311-ad36-37f9caf1ff89,function_transfer_time,1775037627.961759,0.000039
experiment_name,a8f63aec-7abc-4311-ad36-37f9caf1ff89,function_transfer_time,1775037627.962127,0.000009
experiment_name,c00f3de2-f0e4-4857-9fc5-436a37c61162,function_transfer_time,1775037627.96443,0.000195
experiment_name,c00f3de2-f0e4-4857-9fc5-436a37c61162,function_transfer_time,1775037627.966267,0.000016
experiment_name,d74cc8e4-c9af-499c-9d12-0af23d0b10c0,function_transfer_time,1775037627.962867,0.000041
experiment_name,d74cc8e4-c9af-499c-9d12-0af23d0b10c0,function_transfer_time,1775037627.9662,0.000012
experiment_name,9991b040-bffe-4f26-af1f-0c40d2e46300,function_transfer_time,1775037627.961073,0.000009
experiment_name,9991b040-bffe-4f26-af1f-0c40d2e46300,function_transfer_time,1775037627.961219,0.000008
experiment_name,73289441-b132-4e91-8109-617e7e1c4b0b,function_transfer_time,1775037627.96474,0.000418
experiment_name,73289441-b132-4e91-8109-617e7e1c4b0b,function_transfer_time,1775037627.967198,0.000013
experiment_name,af33c71e-f00c-407b-9e0d-cdcdb9e9eb23,function_transfer_time,1775037627.964913,0.000116
experiment_name,af33c71e-f00c-407b-9e0d-cdcdb9e9eb23,function_transfer_time,1775037627.967269,0.000012
experiment_name,2f495712-5d3d-4c21-a956-5bc6eeeadc09,function_transfer_time,1775037627.961684,0.000004
experiment_name,2f495712-5d3d-4c21-a956-5bc6eeeadc09,function_transfer_time,1775037627.96188,0.000019
experiment_name,1ff91d90-d9e7-4cea-a312-7789249e91b0,function_transfer_time,1775037627.964639,0.000179
experiment_name,1ff91d90-d9e7-4cea-a312-7789249e91b0,function_transfer_time,1775037627.967002,0.000011
experiment_name,4ebb9e51-83c1-471e-a15c-b56409490405,function_transfer_time,1775037627.965247,0.000098
experiment_name,4ebb9e51-83c1-471e-a15c-b56409490405,function_transfer_time,1775037627.967595,0.000011
experiment_name,74a1d021-568e-43f6-bb50-59b62c478d86,function_transfer_time,1775037627.946055,0.000085
experiment_name,74a1d021-568e-43f6-bb50-59b62c478d86,function_transfer_time,1775037627.946556,0.000089
experiment_name,416a9fe0-38e1-484d-adc8-bd91a6aabea1,function_transfer_time,1775037627.965561,0.000319
experiment_name,416a9fe0-38e1-484d-adc8-bd91a6aabea1,function_transfer_time,1775037627.967662,0.000013
experiment_name,ed51eb5d-b605-4fe6-83a0-fffa21115ff1,function_transfer_time,1775037627.945948,0.000172
experiment_name,ed51eb5d-b605-4fe6-83a0-fffa21115ff1,function_transfer_time,1775037627.946407,0.000212
experiment_name,28048ff0-8d33-445d-acf1-60cb1cb6d631,function_transfer_time,1775037627.956959,0.000008
experiment_name,28048ff0-8d33-445d-acf1-60cb1cb6d631,function_transfer_time,1775037627.95705,0.000011
experiment_name,0a97065b-4982-47a3-98c1-5c82fde22cf0,function_transfer_time,1775037627.957448,0.00001
experiment_name,0a97065b-4982-47a3-98c1-5c82fde22cf0,function_transfer_time,1775037627.957546,0.000006
experiment_name,cf1df2d3-b906-480b-81c0-801146d5941e,function_transfer_time,1775037627.962854,0.000041
experiment_name,cf1df2d3-b906-480b-81c0-801146d5941e,function_transfer_time,1775037627.9658,0.000335
experiment_name,90049c81-9eed-431a-939a-7584ba0faddf,function_transfer_time,1775037627.961199,0.000011
experiment_name,90049c81-9eed-431a-939a-7584ba0faddf,function_transfer_time,1775037627.961392,0.000025
experiment_name,7e5541dd-baba-4e78-a2a6-0e094add3ab6,function_transfer_time,1775037627.963016,0.000038
experiment_name,7e5541dd-baba-4e78-a2a6-0e094add3ab6,function_transfer_time,1775037627.966405,0.000014
experiment_name,b8232fd4-ce1d-4997-a84a-d2e0f4359f89,function_transfer_time,1775037627.946103,0.000059
experiment_name,b8232fd4-ce1d-4997-a84a-d2e0f4359f89,function_transfer_time,1775037627.946654,0.000035
experiment_name,d705ed90-78c9-4ec5-9056-f5780d80d6d7,function_transfer_time,1775037627.960579,0.000013
experiment_name,d705ed90-78c9-4ec5-9056-f5780d80d6d7,function_transfer_time,1775037628.963052,0.000087
experiment_name,92634453-84d8-4d80-8dd7-fe4cb4769173,function_transfer_time,1775037627.964102,0.000117
experiment_name,92634453-84d8-4d80-8dd7-fe4cb4769173,function_transfer_time,1775037627.966668,0.000012
experiment_name,9841a334-8f51-41d2-a7e1-75eebf6731ad,function_transfer_time,1775037627.946051,0.00007
experiment_name,9841a334-8f51-41d2-a7e1-75eebf6731ad,function_transfer_time,1775037627.946101,0.000089
experiment_name,9841a334-8f51-41d2-a7e1-75eebf6731ad,function_transfer_time,1775037627.946296,0.000195
experiment_name,9841a334-8f51-41d2-a7e1-75eebf6731ad,function_transfer_time,1775037627.946555,0.00027
experiment_name,9841a334-8f51-41d2-a7e1-75eebf6731ad,function_transfer_time,1775037627.956992,0.000011
experiment_name,9841a334-8f51-41d2-a7e1-75eebf6731ad,function_transfer_time,1775037627.957497,0.000011
experiment_name,9841a334-8f51-41d2-a7e1-75eebf6731ad,function_transfer_time,1775037627.95758,0.000019
experiment_name,9841a334-8f51-41d2-a7e1-75eebf6731ad,function_transfer_time,1775037627.960794,0.000007
experiment_name,9841a334-8f51-41d2-a7e1-75eebf6731ad,function_transfer_time,1775037627.961148,0.000014
experiment_name,9841a334-8f51-41d2-a7e1-75eebf6731ad,function_transfer_time,1775037627.961259,0.000102
experiment_name,9841a334-8f51-41d2-a7e1-75eebf6731ad,function_transfer_time,1775037627.961333,0.00008
experiment_name,9841a334-8f51-41d2-a7e1-75eebf6731ad,function_transfer_time,1775037627.961781,0.000015
experiment_name,9841a334-8f51-41d2-a7e1-75eebf6731ad,function_transfer_time,1775037627.961933,0.000018
experiment_name,9841a334-8f51-41d2-a7e1-75eebf6731ad,function_transfer_time,1775037627.96207,0.000092
experiment_name,9841a334-8f51-41d2-a7e1-75eebf6731ad,function_transfer_time,1775037627.962168,0.000152
experiment_name,9841a334-8f51-41d2-a7e1-75eebf6731ad,function_transfer_time,1775037627.964099,0.000191
experiment_name,9841a334-8f51-41d2-a7e1-75eebf6731ad,function_transfer_time,1775037627.965896,0.001538
experiment_name,9841a334-8f51-41d2-a7e1-75eebf6731ad,function_transfer_time,1775037627.966154,0.001703
experiment_name,9841a334-8f51-41d2-a7e1-75eebf6731ad,function_transfer_time,1775037627.966221,0.001718
experiment_name,9841a334-8f51-41d2-a7e1-75eebf6731ad,function_transfer_time,1775037627.966286,0.001654
experiment_name,9841a334-8f51-41d2-a7e1-75eebf6731ad,function_transfer_time,1775037627.966355,0.001558
experiment_name,9841a334-8f51-41d2-a7e1-75eebf6731ad,function_transfer_time,1775037627.966421,0.001492
experiment_name,9841a334-8f51-41d2-a7e1-75eebf6731ad,function_transfer_time,1775037627.966491,0.001433
experiment_name,9841a334-8f51-41d2-a7e1-75eebf6731ad,function_transfer_time,1775037627.966553,0.001259
experiment_name,9841a334-8f51-41d2-a7e1-75eebf6731ad,function_transfer_time,1775037627.966619,0.001308
experiment_name,9841a334-8f51-41d2-a7e1-75eebf6731ad,function_transfer_time,1775037627.966698,0.001375
experiment_name,9841a334-8f51-41d2-a7e1-75eebf6731ad,function_transfer_time,1775037627.966757,0.001352
experiment_name,9841a334-8f51-41d2-a7e1-75eebf6731ad,function_transfer_time,1775037627.966823,0.001297
experiment_name,9841a334-8f51-41d2-a7e1-75eebf6731ad,function_transfer_time,1775037627.966891,0.001349
experiment_name,9841a334-8f51-41d2-a7e1-75eebf6731ad,function_transfer_time,1775037627.966954,0.001404
experiment_name,9841a334-8f51-41d2-a7e1-75eebf6731ad,function_transfer_time,1775037627.967022,0.001465
experiment_name,9841a334-8f51-41d2-a7e1-75eebf6731ad,function_transfer_time,1775037627.967087,0.001498
experiment_name,9841a334-8f51-41d2-a7e1-75eebf6731ad,function_transfer_time,1775037627.967153,0.001438
experiment_name,9841a334-8f51-41d2-a7e1-75eebf6731ad,function_transfer_time,1775037627.967223,0.001489
experiment_name,9841a334-8f51-41d2-a7e1-75eebf6731ad,function_transfer_time,1775037627.967293,0.001519
experiment_name,9841a334-8f51-41d2-a7e1-75eebf6731ad,function_transfer_time,1775037627.967355,0.001648
experiment_name,9841a334-8f51-41d2-a7e1-75eebf6731ad,function_transfer_time,1775037627.967421,0.001621
experiment_name,9841a334-8f51-41d2-a7e1-75eebf6731ad,function_transfer_time,1775037627.967489,0.001602
experiment_name,9841a334-8f51-41d2-a7e1-75eebf6731ad,function_transfer_time,1775037627.967547,0.001571
experiment_name,9841a334-8f51-41d2-a7e1-75eebf6731ad,function_transfer_time,1775037627.967612,0.001535
experiment_name,2868d157-27b4-4fbe-8d73-52b6980eea0e,function_transfer_time,1775037627.964925,0.000271
experiment_name,2868d157-27b4-4fbe-8d73-52b6980eea0e,function_transfer_time,1775037627.967401,0.000012
experiment_name,5761e542-57a7-4536-9a92-f8e76ccf7de9,function_transfer_time,1775037627.964024,0.000193
experiment_name,5761e542-57a7-4536-9a92-f8e76ccf7de9,function_transfer_time,1775037627.966554,0.000025
experiment_name,d705ed90-78c9-4ec5-9056-f5780d80d6d7,function_execution_time,1775037629.965238,0.000315208
experiment_name,d705ed90-78c9-4ec5-9056-f5780d80d6d7,function_execution_time,1775037630.966791,0.000165708
experiment_name,ff341bf7-3938-4d87-bb02-08364b480d07,function_execution_time,1775037629.965353,0.000197584
experiment_name,ff341bf7-3938-4d87-bb02-08364b480d07,function_execution_time,1775037630.96686,0.000113541
experiment_name,ff341bf7-3938-4d87-bb02-08364b480d07,function_transfer_time,1775037629.965143,0.000056
experiment_name,ff341bf7-3938-4d87-bb02-08364b480d07,function_transfer_time,1775037630.966746,0.000032
experiment_name,d705ed90-78c9-4ec5-9056-f5780d80d6d7,function_transfer_time,1775037629.964923,0.000076
experiment_name,d705ed90-78c9-4ec5-9056-f5780d80d6d7,function_transfer_time,1775037630.966626,0.000022
experiment_name,d705ed90-78c9-4ec5-9056-f5780d80d6d7,function_execution_time,1775037631.96896,0.000420083
experiment_name,d705ed90-78c9-4ec5-9056-f5780d80d6d7,function_execution_time,1775037632.971727,0.000496
experiment_name,ff341bf7-3938-4d87-bb02-08364b480d07,function_execution_time,1775037631.969113,0.000267625
experiment_name,ff341bf7-3938-4d87-bb02-08364b480d07,function_execution_time,1775037632.971926,0.000363834
experiment_name,d705ed90-78c9-4ec5-9056-f5780d80d6d7,function_transfer_time,1775037631.968534,0.000074
experiment_name,d705ed90-78c9-4ec5-9056-f5780d80d6d7,function_transfer_time,1775037632.971211,0.000077
experiment_name,ff341bf7-3938-4d87-bb02-08364b480d07,function_transfer_time,1775037631.968833,0.000073
experiment_name,ff341bf7-3938-4d87-bb02-08364b480d07,function_transfer_time,1775037632.971563,0.000095
experiment_name,d705ed90-78c9-4ec5-9056-f5780d80d6d7,function_execution_time,1775037633.973177,0.000340959
experiment_name,d705ed90-78c9-4ec5-9056-f5780d80d6d7,function_execution_time,1775037634.975743,0.000363583
experiment_name,ff341bf7-3938-4d87-bb02-08364b480d07,function_execution_time,1775037633.973365,0.000216042
experiment_name,ff341bf7-3938-4d87-bb02-08364b480d07,function_execution_time,1775037634.975926,0.000230334
experiment_name,d705ed90-78c9-4ec5-9056-f5780d80d6d7,function_transfer_time,1775037633.972853,0.000081
experiment_name,d705ed90-78c9-4ec5-9056-f5780d80d6d7,function_transfer_time,1775037634.975376,0.000077
experiment_name,ff341bf7-3938-4d87-bb02-08364b480d07,function_transfer_time,1775037633.973143,0.000085
experiment_name,ff341bf7-3938-4d87-bb02-08364b480d07,function_transfer_time,1775037634.975684,0.000086
experiment_name,d705ed90-78c9-4ec5-9056-f5780d80d6d7,function_execution_time,1775037635.978674,0.000424917
experiment_name,d705ed90-78c9-4ec5-9056-f5780d80d6d7,function_execution_time,1775037636.980127,0.000385792
experiment_name,ff341bf7-3938-4d87-bb02-08364b480d07,function_execution_time,1775037635.978849,0.000265625
experiment_name,ff341bf7-3938-4d87-bb02-08364b480d07,function_execution_time,1775037636.98027,0.000237708
experiment_name,d705ed90-78c9-4ec5-9056-f5780d80d6d7,function_transfer_time,1775037635.978237,0.000092
experiment_name,d705ed90-78c9-4ec5-9056-f5780d80d6d7,function_transfer_time,1775037636.979755,0.000077
experiment_name,ff341bf7-3938-4d87-bb02-08364b480d07,function_transfer_time,1775037635.978553,0.000104
experiment_name,ff341bf7-3938-4d87-bb02-08364b480d07,function_transfer_time,1775037636.980026,0.000078
experiment_name,ff341bf7-3938-4d87-bb02-08364b480d07,function_execution_time,1775037637.982391,0.000248125
experiment_name,ff341bf7-3938-4d87-bb02-08364b480d07,function_execution_time,1775037638.984154,0.000284625
experiment_name,d705ed90-78c9-4ec5-9056-f5780d80d6d7,function_execution_time,1775037637.98228,0.000424083
experiment_name,d705ed90-78c9-4ec5-9056-f5780d80d6d7,function_execution_time,1775037638.984061,0.00057825
experiment_name,ff341bf7-3938-4d87-bb02-08364b480d07,function_transfer_time,1775037637.982138,0.000066
experiment_name,ff341bf7-3938-4d87-bb02-08364b480d07,function_transfer_time,1775037638.98388,0.000139
experiment_name,d705ed90-78c9-4ec5-9056-f5780d80d6d7,function_transfer_time,1775037637.981844,0.000071
experiment_name,d705ed90-78c9-4ec5-9056-f5780d80d6d7,function_transfer_time,1775037638.983482,0.000107
experiment_name,ff341bf7-3938-4d87-bb02-08364b480d07,function_execution_time,1775037639.986115,0.000184125
experiment_name,ff341bf7-3938-4d87-bb02-08364b480d07,function_execution_time,1775037640.988129,0.000207459
experiment_name,d705ed90-78c9-4ec5-9056-f5780d80d6d7,function_execution_time,1775037639.986009,0.000328958
experiment_name,d705ed90-78c9-4ec5-9056-f5780d80d6d7,function_execution_time,1775037640.988003,0.000373209
experiment_name,d705ed90-78c9-4ec5-9056-f5780d80d6d7,function_transfer_time,1775037639.985673,0.000065
experiment_name,d705ed90-78c9-4ec5-9056-f5780d80d6d7,function_transfer_time,1775037640.98762,0.000075
experiment_name,ff341bf7-3938-4d87-bb02-08364b480d07,function_transfer_time,1775037639.985926,0.000062
experiment_name,ff341bf7-3938-4d87-bb02-08364b480d07,function_transfer_time,1775037640.987905,0.000072
experiment_name,ff341bf7-3938-4d87-bb02-08364b480d07,function_execution_time,1775037641.990765,0.000291791
experiment_name,ff341bf7-3938-4d87-bb02-08364b480d07,function_execution_time,1775037642.992767,0.000247083
experiment_name,d705ed90-78c9-4ec5-9056-f5780d80d6d7,function_execution_time,1775037641.990604,0.000436792
experiment_name,d705ed90-78c9-4ec5-9056-f5780d80d6d7,function_execution_time,1775037642.992624,0.000388084
experiment_name,ff341bf7-3938-4d87-bb02-08364b480d07,function_transfer_time,1775037641.990463,0.000076
experiment_name,ff341bf7-3938-4d87-bb02-08364b480d07,function_transfer_time,1775037642.992515,0.00008
experiment_name,d705ed90-78c9-4ec5-9056-f5780d80d6d7,function_transfer_time,1775037641.990157,0.000069
experiment_name,d705ed90-78c9-4ec5-9056-f5780d80d6d7,function_transfer_time,1775037642.992225,0.000081
experiment_name,ff341bf7-3938-4d87-bb02-08364b480d07,function_execution_time,1775037643.995095,0.000216875
experiment_name,ff341bf7-3938-4d87-bb02-08364b480d07,function_execution_time,1775037644.997285,0.000231292
experiment_name,d705ed90-78c9-4ec5-9056-f5780d80d6d7,function_execution_time,1775037643.994959,0.000337208
experiment_name,d705ed90-78c9-4ec5-9056-f5780d80d6d7,function_execution_time,1775037644.997146,0.000372625
experiment_name,ff341bf7-3938-4d87-bb02-08364b480d07,function_transfer_time,1775037643.99487,0.000065
experiment_name,ff341bf7-3938-4d87-bb02-08364b480d07,function_transfer_time,1775037644.997049,0.000079
experiment_name,d705ed90-78c9-4ec5-9056-f5780d80d6d7,function_transfer_time,1775037643.994616,0.000062
experiment_name,d705ed90-78c9-4ec5-9056-f5780d80d6d7,function_transfer_time,1775037644.996759,0.00007
experiment_name,d705ed90-78c9-4ec5-9056-f5780d80d6d7,function_execution_time,1775037646.00288,0.000229333
experiment_name,d705ed90-78c9-4ec5-9056-f5780d80d6d7,function_execution_time,1775037647.005169,0.000195833
experiment_name,ff341bf7-3938-4d87-bb02-08364b480d07,function_execution_time,1775037646.003045,0.00020575
experiment_name,ff341bf7-3938-4d87-bb02-08364b480d07,function_execution_time,1775037647.005278,0.000141333
experiment_name,d705ed90-78c9-4ec5-9056-f5780d80d6d7,function_transfer_time,1775037646.002676,0.001685
experiment_name,d705ed90-78c9-4ec5-9056-f5780d80d6d7,function_transfer_time,1775037647.004966,0.000058
experiment_name,ff341bf7-3938-4d87-bb02-08364b480d07,function_transfer_time,1775037646.002813,0.00003
experiment_name,ff341bf7-3938-4d87-bb02-08364b480d07,function_transfer_time,1775037647.005132,0.000035
experiment_name,ff341bf7-3938-4d87-bb02-08364b480d07,function_execution_time,1775037648.006759,0.000171834
experiment_name,ff341bf7-3938-4d87-bb02-08364b480d07,function_execution_time,1775037649.009382,0.000200792
experiment_name,d705ed90-78c9-4ec5-9056-f5780d80d6d7,function_execution_time,1775037648.006629,0.000298416
experiment_name,d705ed90-78c9-4ec5-9056-f5780d80d6d7,function_execution_time,1775037649.009272,0.000350042
experiment_name,d705ed90-78c9-4ec5-9056-f5780d80d6d7,function_transfer_time,1775037648.006327,0.000071
experiment_name,d705ed90-78c9-4ec5-9056-f5780d80d6d7,function_transfer_time,1775037649.008915,0.000065
experiment_name,ff341bf7-3938-4d87-bb02-08364b480d07,function_transfer_time,1775037648.006582,0.000065
experiment_name,ff341bf7-3938-4d87-bb02-08364b480d07,function_transfer_time,1775037649.009175,0.000065
experiment_name,d705ed90-78c9-4ec5-9056-f5780d80d6d7,function_execution_time,1775037650.011218,0.000326792
experiment_name,d705ed90-78c9-4ec5-9056-f5780d80d6d7,function_execution_time,1775037651.014045,0.000387958
experiment_name,ff341bf7-3938-4d87-bb02-08364b480d07,function_execution_time,1775037650.011381,0.000225583
experiment_name,ff341bf7-3938-4d87-bb02-08364b480d07,function_execution_time,1775037651.014269,0.0002435
experiment_name,d705ed90-78c9-4ec5-9056-f5780d80d6d7,function_transfer_time,1775037650.010883,0.00007
experiment_name,d705ed90-78c9-4ec5-9056-f5780d80d6d7,function_transfer_time,1775037651.013674,0.000183
experiment_name,ff341bf7-3938-4d87-bb02-08364b480d07,function_transfer_time,1775037650.011129,0.000073
experiment_name,ff341bf7-3938-4d87-bb02-08364b480d07,function_transfer_time,1775037651.014011,0.000093
experiment_name,d705ed90-78c9-4ec5-9056-f5780d80d6d7,function_execution_time,1775037652.016655,0.000413834
experiment_name,d705ed90-78c9-4ec5-9056-f5780d80d6d7,function_execution_time,1775037653.018813,0.000389583
experiment_name,ff341bf7-3938-4d87-bb02-08364b480d07,function_execution_time,1775037652.0168,0.00025175
experiment_name,ff341bf7-3938-4d87-bb02-08364b480d07,function_execution_time,1775037653.018985,0.000240625
experiment_name,ff341bf7-3938-4d87-bb02-08364b480d07,function_transfer_time,1775037652.016543,0.000087
experiment_name,ff341bf7-3938-4d87-bb02-08364b480d07,function_transfer_time,1775037653.018734,0.000085
experiment_name,d705ed90-78c9-4ec5-9056-f5780d80d6d7,function_transfer_time,1775037652.01623,0.000076
experiment_name,d705ed90-78c9-4ec5-9056-f5780d80d6d7,function_transfer_time,1775037653.018409,0.00007
experiment_name,d705ed90-78c9-4ec5-9056-f5780d80d6d7,function_execution_time,1775037654.021735,0.0004285
experiment_name,d705ed90-78c9-4ec5-9056-f5780d80d6d7,function_execution_time,1775037655.024288,0.000472917
experiment_name,ff341bf7-3938-4d87-bb02-08364b480d07,function_execution_time,1775037654.021948,0.000269542
experiment_name,ff341bf7-3938-4d87-bb02-08364b480d07,function_execution_time,1775037655.024571,0.000428125
experiment_name,d705ed90-78c9-4ec5-9056-f5780d80d6d7,function_transfer_time,1775037654.021267,0.000076
experiment_name,d705ed90-78c9-4ec5-9056-f5780d80d6d7,function_transfer_time,1775037655.023804,0.000074
experiment_name,ff341bf7-3938-4d87-bb02-08364b480d07,function_transfer_time,1775037654.021728,0.000085
experiment_name,ff341bf7-3938-4d87-bb02-08364b480d07,function_transfer_time,1775037655.024134,0.00008
experiment_name,ff341bf7-3938-4d87-bb02-08364b480d07,function_execution_time,1775037656.026782,0.000161416
experiment_name,ff341bf7-3938-4d87-bb02-08364b480d07,function_execution_time,1775037657.030856,0.00034575
experiment_name,d705ed90-78c9-4ec5-9056-f5780d80d6d7,function_execution_time,1775037656.026672,0.0002835
experiment_name,d705ed90-78c9-4ec5-9056-f5780d80d6d7,function_execution_time,1775037657.030783,0.001202458
experiment_name,ff341bf7-3938-4d87-bb02-08364b480d07,function_transfer_time,1775037656.026618,0.000061
experiment_name,ff341bf7-3938-4d87-bb02-08364b480d07,function_transfer_time,1775037657.030501,0.00061
experiment_name,d705ed90-78c9-4ec5-9056-f5780d80d6d7,function_transfer_time,1775037656.026381,0.000064
experiment_name,d705ed90-78c9-4ec5-9056-f5780d80d6d7,function_transfer_time,1775037657.029565,0.000089
experiment_name,cf1df2d3-b906-480b-81c0-801146d5941e,function_stop_time,1775037657.9914,0.000016042
experiment_name,ed51eb5d-b605-4fe6-83a0-fffa21115ff1,function_stop_time,1775037658.009541,0.0000155
experiment_name,0a97065b-4982-47a3-98c1-5c82fde22cf0,function_stop_time,1775037658.003303,0.000014292
experiment_name,2868d157-27b4-4fbe-8d73-52b6980eea0e,function_stop_time,1775037658.003858,0.000015667
experiment_name,7430c187-42e3-4919-9375-d0342f18dca6,function_stop_time,1775037658.001426,0.000013125
experiment_name,efc98d89-ecf7-4329-8f10-f9d22068aff9,function_stop_time,1775037657.996481,0.000014167
experiment_name,6d72cafa-4229-4851-8d88-2607750eb5a5,function_stop_time,1775037657.982836,0.00001975
experiment_name,9841a334-8f51-41d2-a7e1-75eebf6731ad,function_stop_time,1775037658.005339,0.000019792
experiment_name,90049c81-9eed-431a-939a-7584ba0faddf,function_stop_time,1775037658.010353,0.000013959
experiment_name,d74cc8e4-c9af-499c-9d12-0af23d0b10c0,function_stop_time,1775037657.992511,0.000016416
experiment_name,9a1bddec-c982-44b4-a491-e0630bb2e370,function_stop_time,1775037657.993565,0.000015333
experiment_name,1ff91d90-d9e7-4cea-a312-7789249e91b0,function_stop_time,1775037657.987692,0.00001675
experiment_name,9a14c955-a616-474e-916e-286761e3f20e,function_stop_time,1775037657.984531,0.000019666
experiment_name,74ac4093-b29a-49c2-80dc-d4f3310176a4,function_stop_time,1775037658.002113,0.000015084
experiment_name,5d607e0c-d6a7-43d8-bd82-d6347a7c7656,function_stop_time,1775037657.999198,0.000014542
experiment_name,79754c47-49ea-4f4f-b682-780aa020cfbd,function_stop_time,1775037658.006575,0.000012917
experiment_name,74a1d021-568e-43f6-bb50-59b62c478d86,function_stop_time,1775037658.00486,0.00001275
experiment_name,5dd527c4-8ff6-4c76-baf0-d6c727b24563,function_stop_time,1775037658.010798,0.000014
experiment_name,7e5541dd-baba-4e78-a2a6-0e094add3ab6,function_stop_time,1775037657.99557,0.000016792
experiment_name,b8232fd4-ce1d-4997-a84a-d2e0f4359f89,function_stop_time,1775037657.986099,0.000020459
experiment_name,92634453-84d8-4d80-8dd7-fe4cb4769173,function_stop_time,1775037657.99835,0.000016083
experiment_name,d210a2a8-6a0c-4aa9-9e2e-f2d9386f871a,function_stop_time,1775037658.009785,0.000012167
experiment_name,a8f63aec-7abc-4311-ad36-37f9caf1ff89,function_stop_time,1775037657.979342,0.000022875
experiment_name,ff341bf7-3938-4d87-bb02-08364b480d07,function_stop_time,1775037658.010206,0.000013917
experiment_name,28048ff0-8d33-445d-acf1-60cb1cb6d631,function_stop_time,1775037658.005762,0.000017042
experiment_name,c00f3de2-f0e4-4857-9fc5-436a37c61162,function_stop_time,1775037658.01067,0.000012792
experiment_name,2f495712-5d3d-4c21-a956-5bc6eeeadc09,function_stop_time,1775037658.002723,0.000012708
experiment_name,c1a878c9-ebeb-4b7e-bc26-9513094d54e6,function_stop_time,1775037658.01,0.000013833
experiment_name,d705ed90-78c9-4ec5-9056-f5780d80d6d7,function_stop_time,1775037658.006934,0.000012208
experiment_name,b1f70dbd-de86-4268-bb9e-62e5b0eeeded,function_stop_time,1775037657.990231,0.000020667
experiment_name,af33c71e-f00c-407b-9e0d-cdcdb9e9eb23,function_stop_time,1775037657.981137,0.0000275
experiment_name,416a9fe0-38e1-484d-adc8-bd91a6aabea1,function_stop_time,1775037658.007814,0.000013584
experiment_name,ae0f2b2c-135c-4d0a-ad93-e3a9be8a6c7d,function_stop_time,1775037657.98902,0.000020375
experiment_name,9991b040-bffe-4f26-af1f-0c40d2e46300,function_stop_time,1775037657.997433,0.000022916
experiment_name,84fcc47a-2a56-48f5-9b49-630fc1a6e291,function_stop_time,1775037657.977365,0.000045458
experiment_name,73289441-b132-4e91-8109-617e7e1c4b0b,function_stop_time,1775037658.007529,0.000012542
experiment_name,16fe2b8f-6e95-4b45-818d-7b0c22db31f7,function_stop_time,1775037658.007215,0.000014833
experiment_name,8daf0887-acb6-4a89-adcf-bc498ef6a889,function_stop_time,1775037658.004369,0.000012875
experiment_name,5761e542-57a7-4536-9a92-f8e76ccf7de9,function_stop_time,1775037657.999993,0.000013958
experiment_name,4ebb9e51-83c1-471e-a15c-b56409490405,function_stop_time,1775037658.010529,0.000012291
experiment_name,c8ebfc31-0e59-4d5e-b8db-9be12396baef,function_stop_time,1775037658.000733,0.000016542
experiment_name,416e189c-a636-4c22-b5db-bccff12949c7,function_stop_time,1775037657.994609,0.000016583
experiment_name,8119b737-ad79-498f-bb9b-ff4af2a98975,function_stop_time,1775037658.006181,0.000012209
